{"generation": 13, "best_score": 1.0395119753254385, "xgb_n_estimators": 151, "xgb_max_depth": 3, "xgb_learning_rate": 0.037810283732384056, "rf_n_estimators": 188, "rf_max_depth": 10, "nn_hidden_layer_size": 78, "nn_alpha": 0.0001}